<?xml version="1.0" encoding="UTF-8"?>
<GenRun Id="impl_1" LaunchPart="xc7z010clg400-1" LaunchTime="1529657005">
  <File Type="PWROPT-DCP" Name="perceptron_wrapper_pwropt.dcp"/>
  <File Type="ROUTE-PWR" Name="perceptron_wrapper_power_routed.rpt"/>
  <File Type="PA-TCL" Name="perceptron_wrapper.tcl"/>
  <File Type="ROUTE-PWR-SUM" Name="perceptron_wrapper_power_summary_routed.pb"/>
  <File Type="REPORTS-TCL" Name="perceptron_wrapper_reports.tcl"/>
  <File Type="BG-DRC" Name="perceptron_wrapper.drc"/>
  <File Type="OPT-METHODOLOGY-DRC" Name="perceptron_wrapper_methodology_drc_opted.rpt"/>
  <File Type="INIT-TIMING" Name="perceptron_wrapper_timing_summary_init.rpt"/>
  <File Type="OPT-HWDEF" Name="perceptron_wrapper.hwdef"/>
  <File Type="OPT-DCP" Name="perceptron_wrapper_opt.dcp"/>
  <File Type="OPT-DRC" Name="perceptron_wrapper_drc_opted.rpt"/>
  <File Type="OPT-TIMING" Name="perceptron_wrapper_timing_summary_opted.rpt"/>
  <File Type="PWROPT-DRC" Name="perceptron_wrapper_drc_pwropted.rpt"/>
  <File Type="PWROPT-TIMING" Name="perceptron_wrapper_timing_summary_pwropted.rpt"/>
  <File Type="PLACE-DCP" Name="perceptron_wrapper_placed.dcp"/>
  <File Type="PLACE-IO" Name="perceptron_wrapper_io_placed.rpt"/>
  <File Type="PLACE-CLK" Name="perceptron_wrapper_clock_utilization_placed.rpt"/>
  <File Type="PLACE-UTIL" Name="perceptron_wrapper_utilization_placed.rpt"/>
  <File Type="PLACE-UTIL-PB" Name="perceptron_wrapper_utilization_placed.pb"/>
  <File Type="PLACE-CTRL" Name="perceptron_wrapper_control_sets_placed.rpt"/>
  <File Type="PLACE-SIMILARITY" Name="perceptron_wrapper_incremental_reuse_placed.rpt"/>
  <File Type="PLACE-PRE-SIMILARITY" Name="perceptron_wrapper_incremental_reuse_pre_placed.rpt"/>
  <File Type="PLACE-TIMING" Name="perceptron_wrapper_timing_summary_placed.rpt"/>
  <File Type="POSTPLACE-PWROPT-DCP" Name="perceptron_wrapper_postplace_pwropt.dcp"/>
  <File Type="POSTPLACE-PWROPT-TIMING" Name="perceptron_wrapper_timing_summary_postplace_pwropted.rpt"/>
  <File Type="PHYSOPT-DCP" Name="perceptron_wrapper_physopt.dcp"/>
  <File Type="PHYSOPT-DRC" Name="perceptron_wrapper_drc_physopted.rpt"/>
  <File Type="BG-BIT" Name="perceptron_wrapper.bit"/>
  <File Type="PHYSOPT-TIMING" Name="perceptron_wrapper_timing_summary_physopted.rpt"/>
  <File Type="ROUTE-ERROR-DCP" Name="perceptron_wrapper_routed_error.dcp"/>
  <File Type="ROUTE-DCP" Name="perceptron_wrapper_routed.dcp"/>
  <File Type="ROUTE-BLACKBOX-DCP" Name="perceptron_wrapper_routed_bb.dcp"/>
  <File Type="ROUTE-DRC" Name="perceptron_wrapper_drc_routed.rpt"/>
  <File Type="ROUTE-DRC-PB" Name="perceptron_wrapper_drc_routed.pb"/>
  <File Type="BITSTR-MSK" Name="perceptron_wrapper.msk"/>
  <File Type="ROUTE-DRC-RPX" Name="perceptron_wrapper_drc_routed.rpx"/>
  <File Type="BG-BGN" Name="perceptron_wrapper.bgn"/>
  <File Type="ROUTE-METHODOLOGY-DRC" Name="perceptron_wrapper_methodology_drc_routed.rpt"/>
  <File Type="BITSTR-RBT" Name="perceptron_wrapper.rbt"/>
  <File Type="ROUTE-METHODOLOGY-DRC-RPX" Name="perceptron_wrapper_methodology_drc_routed.rpx"/>
  <File Type="BG-BIN" Name="perceptron_wrapper.bin"/>
  <File Type="ROUTE-METHODOLOGY-DRC-PB" Name="perceptron_wrapper_methodology_drc_routed.pb"/>
  <File Type="ROUTE-PWR-RPX" Name="perceptron_wrapper_power_routed.rpx"/>
  <File Type="ROUTE-STATUS" Name="perceptron_wrapper_route_status.rpt"/>
  <File Type="ROUTE-STATUS-PB" Name="perceptron_wrapper_route_status.pb"/>
  <File Type="ROUTE-TIMINGSUMMARY" Name="perceptron_wrapper_timing_summary_routed.rpt"/>
  <File Type="ROUTE-TIMING-PB" Name="perceptron_wrapper_timing_summary_routed.pb"/>
  <File Type="ROUTE-TIMING-RPX" Name="perceptron_wrapper_timing_summary_routed.rpx"/>
  <File Type="ROUTE-SIMILARITY" Name="perceptron_wrapper_incremental_reuse_routed.rpt"/>
  <File Type="RDI-RDI" Name="perceptron_wrapper.vdi"/>
  <File Type="ROUTE-CLK" Name="perceptron_wrapper_clock_utilization_routed.rpt"/>
  <File Type="POSTROUTE-PHYSOPT-DCP" Name="perceptron_wrapper_postroute_physopt.dcp"/>
  <File Type="POSTROUTE-PHYSOPT-BLACKBOX-DCP" Name="perceptron_wrapper_postroute_physopt_bb.dcp"/>
  <File Type="POSTROUTE-PHYSOPT-TIMING" Name="perceptron_wrapper_timing_summary_postroute_physopted.rpt"/>
  <File Type="POSTROUTE-PHYSOPT-TIMING-PB" Name="perceptron_wrapper_timing_summary_postroute_physopted.pb"/>
  <File Type="POSTROUTE-PHYSOPT-TIMING-RPX" Name="perceptron_wrapper_timing_summary_postroute_physopted.rpx"/>
  <File Type="BITSTR-NKY" Name="perceptron_wrapper.nky"/>
  <File Type="BITSTR-BMM" Name="perceptron_wrapper_bd.bmm"/>
  <File Type="BITSTR-MMI" Name="perceptron_wrapper.mmi"/>
  <File Type="BITSTR-LTX" Name="debug_nets.ltx"/>
  <File Type="BITSTR-LTX" Name="perceptron_wrapper.ltx"/>
  <File Type="BITSTR-SYSDEF" Name="perceptron_wrapper.sysdef"/>
  <File Type="WBT-USG" Name="usage_statistics_webtalk.html"/>
  <FileSet Name="sources" Type="DesignSrcs" RelSrcDir="$PSRCDIR/sources_1">
    <Filter Type="Srcs"/>
    <File Path="$PSRCDIR/sources_1/imports/src/flip_flop_n_bit.vhd">
      <FileInfo>
        <Attr Name="ImportPath" Val="$PPRDIR/../../hdl/src/flip_flop_n_bit.vhd"/>
        <Attr Name="ImportTime" Val="1529479171"/>
        <Attr Name="UsedIn" Val="synthesis"/>
        <Attr Name="UsedIn" Val="simulation"/>
      </FileInfo>
    </File>
    <File Path="$PSRCDIR/sources_1/imports/src/perceptron.vhd">
      <FileInfo>
        <Attr Name="ImportPath" Val="$PPRDIR/../../hdl/src/perceptron.vhd"/>
        <Attr Name="ImportTime" Val="1529403662"/>
        <Attr Name="UsedIn" Val="synthesis"/>
        <Attr Name="UsedIn" Val="simulation"/>
      </FileInfo>
    </File>
    <File Path="$PSRCDIR/sources_1/imports/src/perceptron_wrapper_zybo.vhd">
      <FileInfo>
        <Attr Name="ImportPath" Val="$PPRDIR/../../hdl/src/perceptron_wrapper_zybo.vhd"/>
        <Attr Name="ImportTime" Val="1529648987"/>
        <Attr Name="UsedIn" Val="synthesis"/>
        <Attr Name="UsedIn" Val="simulation"/>
      </FileInfo>
    </File>
    <Config>
      <Option Name="DesignMode" Val="RTL"/>
      <Option Name="TopModule" Val="perceptron_wrapper"/>
      <Option Name="TopAutoSet" Val="TRUE"/>
    </Config>
  </FileSet>
  <FileSet Name="constrs_in" Type="Constrs" RelSrcDir="$PSRCDIR/constrs_1">
    <Filter Type="Constrs"/>
    <File Path="$PSRCDIR/constrs_1/new/constraints.xdc">
      <FileInfo>
        <Attr Name="UsedIn" Val="synthesis"/>
        <Attr Name="UsedIn" Val="implementation"/>
      </FileInfo>
    </File>
    <Config>
      <Option Name="TargetConstrsFile" Val="$PSRCDIR/constrs_1/new/constraints.xdc"/>
      <Option Name="ConstrsType" Val="XDC"/>
    </Config>
  </FileSet>
  <Strategy Version="1" Minor="2">
    <StratHandle Name="Vivado Implementation Defaults" Flow="Vivado Implementation 2018"/>
    <Step Id="init_design"/>
    <Step Id="opt_design"/>
    <Step Id="power_opt_design"/>
    <Step Id="place_design"/>
    <Step Id="post_place_power_opt_design"/>
    <Step Id="phys_opt_design"/>
    <Step Id="route_design"/>
    <Step Id="post_route_phys_opt_design"/>
    <Step Id="write_bitstream"/>
  </Strategy>
</GenRun>
