<?xml version="1.0" encoding="UTF-8"?>
<GenRun Id="synth_2" LaunchPart="xc7z014sclg484-1" LaunchTime="1529586625">
  <File Type="PA-TCL" Name="perceptron_wrapper.tcl"/>
  <File Type="RDS-PROPCONSTRS" Name="perceptron_wrapper_drc_synth.rpt"/>
  <File Type="REPORTS-TCL" Name="perceptron_wrapper_reports.tcl"/>
  <File Type="RDS-RDS" Name="perceptron_wrapper.vds"/>
  <File Type="RDS-UTIL" Name="perceptron_wrapper_utilization_synth.rpt"/>
  <File Type="RDS-UTIL-PB" Name="perceptron_wrapper_utilization_synth.pb"/>
  <File Type="RDS-DCP" Name="perceptron_wrapper.dcp"/>
  <File Type="VDS-TIMINGSUMMARY" Name="perceptron_wrapper_timing_summary_synth.rpt"/>
  <File Type="VDS-TIMING-PB" Name="perceptron_wrapper_timing_summary_synth.pb"/>
  <FileSet Name="sources" Type="DesignSrcs" RelSrcDir="$PSRCDIR/sources_1">
    <Filter Type="Srcs"/>
    <File Path="$PSRCDIR/sources_1/imports/src/flip_flop_n_bit.vhd">
      <FileInfo>
        <Attr Name="ImportPath" Val="$PPRDIR/../../hdl/src/flip_flop_n_bit.vhd"/>
        <Attr Name="ImportTime" Val="1529479171"/>
        <Attr Name="UsedIn" Val="synthesis"/>
        <Attr Name="UsedIn" Val="simulation"/>
      </FileInfo>
    </File>
    <File Path="$PSRCDIR/sources_1/imports/src/perceptron.vhd">
      <FileInfo>
        <Attr Name="ImportPath" Val="$PPRDIR/../../hdl/src/perceptron.vhd"/>
        <Attr Name="ImportTime" Val="1529403662"/>
        <Attr Name="UsedIn" Val="synthesis"/>
        <Attr Name="UsedIn" Val="simulation"/>
      </FileInfo>
    </File>
    <File Path="$PSRCDIR/sources_1/imports/src/perceptron_wrapper.vhd">
      <FileInfo>
        <Attr Name="ImportPath" Val="$PPRDIR/../../hdl/src/perceptron_wrapper.vhd"/>
        <Attr Name="ImportTime" Val="1529478994"/>
        <Attr Name="UsedIn" Val="synthesis"/>
        <Attr Name="UsedIn" Val="simulation"/>
      </FileInfo>
    </File>
    <Config>
      <Option Name="DesignMode" Val="RTL"/>
      <Option Name="TopModule" Val="perceptron_wrapper"/>
      <Option Name="TopAutoSet" Val="TRUE"/>
    </Config>
  </FileSet>
  <FileSet Name="constrs_in" Type="Constrs" RelSrcDir="$PSRCDIR/constrs_1">
    <Filter Type="Constrs"/>
    <File Path="$PSRCDIR/constrs_1/new/perceptron_zybo_constr.xdc">
      <FileInfo>
        <Attr Name="UsedIn" Val="synthesis"/>
        <Attr Name="UsedIn" Val="implementation"/>
      </FileInfo>
    </File>
    <Config>
      <Option Name="TargetConstrsFile" Val="$PSRCDIR/constrs_1/new/perceptron_zybo_constr.xdc"/>
      <Option Name="ConstrsType" Val="XDC"/>
    </Config>
  </FileSet>
  <Strategy Version="1" Minor="2">
    <StratHandle Name="Vivado Synthesis Defaults" Flow="Vivado Synthesis 2018"/>
    <Step Id="synth_design"/>
  </Strategy>
</GenRun>
